ID_Supabase;SKU;Nombre;Gama;Subcategoria;Peso (kg/g);PVP;Precio Base (PVD);Ruta Foto Actual;Foto Correcta?;Ruta CORRECTA de Foto;
bf80939a-294d-46ce-8a80-e716508136f4;ATP-017;ATLANTIC PET  RECETA GRAIN FREE CORDERO 14KG;SUPER PREMIUN RECETA GRAIN FREE;Alimentaci贸n seca;14KG;55.99;34.71;public/images/productos/ATP-017.jpg;;;
4e6d16a8-8f89-4eea-b58a-ce3fdd66cc27;ATP-018;ATLANTIC PET  RECETA GRAIN FREE CORDERO 3KG;SUPER PREMIUN RECETA GRAIN FREE;Alimentaci贸n seca;3KG;13.99;8.67;public/images/productos/ATP-018.jpg;;;
13863e77-1c4e-4086-8158-4aba351f4908;ATP-001;ATLANTIC PET ADULT CHICKEN 15KG;PREMIUN RECETAS;Alimentaci贸n seca;15KG;37.95;23.53;public/images/productos/ATP-001.jpg;;;
33ff4fc7-a820-4ec0-8941-2cf6d741a4a3;ATP-002;ATLANTIC PET ADULT CHICKEN 3KG;PREMIUN RECETAS;Alimentaci贸n seca;3KG;9.45;5.86;public/images/productos/ATP-002.jpg;;;
ea374f22-a332-4d02-b2b3-d3381b77a262;ATP-003;ATLANTIC PET ADULT SALMON 15KG;PREMIUN RECETAS;Alimentaci贸n seca;15KG;39.95;24.77;public/images/productos/ATP-003.jpg;;;
9b964d53-4d59-453b-806c-ecf3faeb60e0;ATP-004;ATLANTIC PET ADULT SALMON 3KG;PREMIUN RECETAS;Alimentaci贸n seca;3KG;9.95;6.17;public/images/productos/ATP-004.jpg;;;
3763af93-7c69-4d2b-a5aa-dc3814d4d0bd;ATP-019;ATLANTIC PET ADULT TURKEY 15KG;PREMIUN RECETAS;Alimentaci贸n seca;15KG;39.95;24.77;public/images/productos/ATP-019.jpg;;;
347062c7-c5ea-481a-8b0a-9c8f586dbfed;ATP-020;ATLANTIC PET AMERICAN BULLY XTREME ENERGY 5200 CAL 12KG;Atlantic Pet Especial Bully perro;Alimentaci贸n seca;12KG;59.95;35.97;public/images/productos/ATP-020.jpg;;;ELIMINAR
02e07776-2385-4ae2-a013-c8988d51b216;ATP-021;ATLANTIC PET AMERICAN BULLY XTREME ENERGY 5200 CAL 18KG;Atlantic Pet Especial Bully perro;Alimentaci贸n seca;18KG;74.95;44.97;public/images/productos/ATP-021.jpg;;;ELIMINAR
7cc1db4b-0370-4ed5-9c15-f9b34fc26ebb;ATP-022;ATLANTIC PET CLASSIC SUPREME ADULT FISH with POTATO 18KG;CLASSIC SUPREME;Alimentaci贸n seca;18KG;44.95;0.0;public/images/productos/ATP-022.jpg;;;
fd86ac9d-c60b-4630-b76e-ba6a488e7f57;ATP-023;ATLANTIC PET CLASSIC SUPREME ADULT LAMB with POTATO 18KG;CLASSIC SUPREME;Alimentaci贸n seca;18KG;46.95;0.0;public/images/productos/ATP-023.jpg;;;
22c64f24-e6dd-4500-8bb8-178bacafd61c;ATP-024;ATLANTIC PET CLASSIC SUPREME ADULT TURKEY with POTATO 18KG;CLASSIC SUPREME;Alimentaci贸n seca;18KG;44.95;0.0;public/images/productos/ATP-024.jpg;;;
03c80d0e-3f7c-4bde-b548-5164b348201c;ATP-005;ATLANTIC PET CLASSIC SUPREME CAT ADULT 18KG;CLASSIC SUPREME GATO;Alimentaci贸n seca;18KG;39.95;25.97;public/images/productos/ATP-005.jpg;;;
b3a40f27-11ee-4f94-b878-359298770b16;ATP-006;ATLANTIC PET CLASSIC SUPREME CAT STERILISED 18KG;CLASSIC SUPREME GATO;Alimentaci贸n seca;18KG;44.95;29.22;public/images/productos/ATP-006.jpg;;;
69a3bba4-7efe-47ba-a14e-2621ac40865d;ATP-025;ATLANTIC PET CLASSIC SUPREME PUPPY BEEF with POTATO 14KG;CLASSIC SUPREME;Alimentaci贸n seca;14KG;34.95;0.0;public/images/productos/ATP-025.jpg;;;
230b8f10-0134-4f03-96c0-b708fad44bd0;ATP-026;ATLANTIC PET PAVO GRAIN FREE PAVO 14KG;SUPER PREMIUN RECETA GRAIN FREE;Alimentaci贸n seca;14KG;55.99;34.71;public/images/productos/ATP-026.jpg;;;
d6af130d-1580-4a4d-a312-65985ce48663;ATP-027;ATLANTIC PET PAVO GRAIN FREE PAVO 3KG;SUPER PREMIUN RECETA GRAIN FREE;Alimentaci贸n seca;3KG;13.99;8.67;public/images/productos/ATP-027.jpg;;;
e0dce907-37a8-497d-8d1d-bf3e6b51ec8d;ATP-028;ATLANTIC PET PUPPY CHICKEN 15KG;PREMIUN RECETAS;Alimentaci贸n seca;15KG;42.95;26.63;public/images/productos/ATP-028.jpg;;;
821c8d2d-bf84-476d-a2c4-685a0b908fb5;ATP-029;ATLANTIC PET PUPPY CHICKEN 3KG;PREMIUN RECETAS;Alimentaci贸n seca;3KG;10.95;6.79;public/images/productos/ATP-029.jpg;;;
c3accf6b-fd5c-4a95-a64b-5d3953e66340;ATP-030;ATLANTIC PET RECETA GRAIN FREE PUPPY 14KG;SUPER PREMIUN RECETA GRAIN FREE;Alimentaci贸n seca;14KG;55.99;34.71;public/images/productos/ATP-030.jpg;;;
c49c7e84-4521-43b5-953e-bce913175bbe;ATP-031;ATLANTIC PET RECETA GRAIN FREE PUPPY 3KG;SUPER PREMIUN RECETA GRAIN FREE;Alimentaci贸n seca;3KG;13.99;8.67;public/images/productos/ATP-031.jpg;;;
88a8d33b-79f4-4a8b-83ba-a90ac65d5853;ATP-032;ATLANTIC PET RECETA GRAIN FREE SALM脫N 14KG;SUPER PREMIUN RECETA GRAIN FREE;Alimentaci贸n seca;14KG;55.99;34.71;public/images/productos/ATP-032.jpg;;;
ba094daa-519c-4e9a-a9ff-b81828ba4236;ATP-033;ATLANTIC PET RECETA GRAIN FREE SALM脫N 3KG;SUPER PREMIUN RECETA GRAIN FREE;Alimentaci贸n seca;3KG;13.99;8.67;public/images/productos/ATP-033.jpg;;;
85fdc9c1-147c-4083-82e8-7851c8706da7;ATP-034;ATLANTIC PET SPECIAL AMERICAN 12KG;PREMIUN RECETAS;Alimentaci贸n seca;12KG;49.95;29.97;public/images/productos/ATP-034.jpg;;;ELIMINAR
0248a784-6fbb-4754-8655-971157c7557a;ATP-035;ATLANTIC PET ULTRA  LIGHT & SENIOR PAVO 12KG;ULTRA PREMIUN GRAIN FREE;Alimentaci贸n seca;12KG;56.99;34.19;public/images/productos/ATP-035.jpg;;;
1aa80ae0-057c-4dd1-97a9-912fa49b4631;ATP-036;ATLANTIC PET ULTRA  LIGHT & SENIOR PAVO 2KG;ULTRA PREMIUN GRAIN FREE;Alimentaci贸n seca;2KG;12.99;7.79;public/images/productos/ATP-036.jpg;;;
12f7b1ce-38b1-43a4-a00e-579278f505d2;ATP-007;ATLANTIC PET ULTRA  SKIN&COAT MINI SALMON 1.5KG;ULTRA PREMIUN GRAIN FREE;Alimentaci贸n seca;1.5KG;11.99;7.19;C:\Users\truji\OneDrive\PERSONAL\Im醙enes\Fotos productos\Atlanctic Pet\Perros\ULTRA PREMIUN GRAIN FREE\atpimagen9-400x400.png.webp;;;
a57e26f7-ba46-462a-80cd-90b065a04e93;ATP-008;ATLANTIC PET ULTRA  SKIN&COAT MINI SALMON 6KG;ULTRA PREMIUN GRAIN FREE;Alimentaci贸n seca;6KG;34.99;20.99;C:\Users\truji\OneDrive\PERSONAL\Im醙enes\Fotos productos\Atlanctic Pet\Perros\ULTRA PREMIUN GRAIN FREE\atpimagen9-400x400.png.webp;;;
e83bd92d-daf0-43c7-9044-7bd6c9879c54;ATP-037;ATLANTIC PET ULTRA BLUE OCEANIC 12KG;ULTRA PREMIUN GRAIN FREE;Alimentaci贸n seca;12KG;62.99;37.99;public/images/productos/ATP-037.jpg;;;
e706f3e6-9eea-42e5-98e6-8891d405dc49;ATP-038;ATLANTIC PET ULTRA BLUE OCEANIC 2KG;ULTRA PREMIUN GRAIN FREE;Alimentaci贸n seca;2KG;13.99;8.39;public/images/productos/ATP-038.jpg;;;
c21a2201-b7a5-4629-8efb-1896fbe8afc0;ATP-039;ATLANTIC PET ULTRA GREEN GRASSLAND CONEJO 12KG;ULTRA PREMIUN GRAIN FREE;Alimentaci贸n seca;12KG;62.99;37.99;public/images/productos/ATP-039.jpg;;;
407a95ae-2c0b-4898-876d-80d1548cc99e;ATP-040;ATLANTIC PET ULTRA GREEN GRASSLAND CONEJO 2KG;ULTRA PREMIUN GRAIN FREE;Alimentaci贸n seca;2KG;13.99;8.39;public/images/productos/ATP-040.jpg;;;
faaba852-6c6b-4140-ac09-9e19f3a7ac43;ATP-041;ATLANTIC PET ULTRA GREEN GRASSLAND MINI CONEJO 1.5KG;ULTRA PREMIUN GRAIN FREE;Alimentaci贸n seca;1.5KG;11.99;7.19;C:\Users\truji\OneDrive\PERSONAL\Im醙enes\Fotos productos\Atlanctic Pet\Perros\ULTRA PREMIUN GRAIN FREE\atpimagen10-600x600.png perro.webp;;;
419be52c-b1a0-40ca-bb9e-280d95c2aea4;ATP-042;ATLANTIC PET ULTRA GREEN GRASSLAND MINI CONEJO 6KG;ULTRA PREMIUN GRAIN FREE;Alimentaci贸n seca;6KG;34.99;20.99;C:\Users\truji\OneDrive\PERSONAL\Im醙enes\Fotos productos\Atlanctic Pet\Perros\ULTRA PREMIUN GRAIN FREE\atpimagen10-600x600.png perro.webp;;;
f351916a-4b79-4d09-b0b3-f1c4b6aa77c5;ATP-009;ATLANTIC PET ULTRA SKIN&COAT SALMON 12KG;ULTRA PREMIUN GRAIN FREE;Alimentaci贸n seca;12KG;62.99;37.99;public/images/productos/ATP-009.jpg;;;
cb4685b2-f5eb-4345-8a9f-ee2d94057beb;ATP-010;ATLANTIC PET ULTRA SKIN&COAT SALMON 2KG;ULTRA PREMIUN GRAIN FREE;Alimentaci贸n seca;2KG;13.99;8.39;public/images/productos/ATP-010.jpg;;;
ffe463d2-edc0-4bf5-a84a-c5c8b2726e82;ATP-043;ATLANTIC PET ULTRA WILDERNESS ADULT 12KG;ULTRA PREMIUN GRAIN FREE;Alimentaci贸n seca;12KG;51.99;31.19;public/images/productos/ATP-043.jpg;;;
a676714d-f155-4554-b436-54f9e48a39da;ATP-044;ATLANTIC PET ULTRA WILDERNESS ADULT 2KG;ULTRA PREMIUN GRAIN FREE;Alimentaci贸n seca;2KG;11.99;7.19;public/images/productos/ATP-044.jpg;;;
8bcbf9c1-7630-41de-83cc-36b193087d9a;ATP-045;ATLANTIC PET ULTRA WILDERNESS PUPPY-STARTER 12KG;ULTRA PREMIUN GRAIN FREE;Alimentaci贸n seca;12KG;56.99;34.19;public/images/productos/ATP-045.jpg;;;
c48b3af3-19ec-448c-8c38-e00b3ac5a09c;ATP-046;ATLANTIC PET ULTRA WILDERNESS PUPPY-STARTER 2KG;ULTRA PREMIUN GRAIN FREE;Alimentaci贸n seca;2KG;12.99;7.99;public/images/productos/ATP-046.jpg;;;
24aeb9b0-98f8-4a92-b31e-29ca19280fab;ATP-011;ATLANTICPET RECETA CAT ADULT CHICKEN & SALMON 3KG;PREMIUN RECETA GATOS;Alimentaci贸n seca;3KG;9.99;6.19;public/images/productos/ATP-011.jpg;;;
3721e955-f529-4fea-8c2f-c4052e3fb5ac;ATP-012;ATLANTICPET RECETA CAT ADULT CHICKEN & SALMON 7KG;PREMIUN RECETA GATOS;Alimentaci贸n seca;7KG;31.99;18.59;public/images/productos/ATP-012.jpg;;;
ec3b96d4-9881-40c2-80eb-a2afc36ab761;ATP-013;ATLANTICPET RECETA CAT STERILICED CHICKEN 3KG;PREMIUN RECETA GATOS;Alimentaci贸n seca;3KG;10.99;6.81;C:\Users\truji\OneDrive\PERSONAL\Im醙enes\Fotos productos\Atlanctic Pet\Gatos\PREMIUN RECETA GATOS\atpimagen7-600x600.png gato.webp;;;
141c4317-9a70-47e8-af4f-7e3daadb119c;ATP-014;ATLANTICPET RECETA CAT STERILICED CHICKEN 7KG;PREMIUN RECETA GATOS;Alimentaci贸n seca;7KG;32.99;20.45;C:\Users\truji\OneDrive\PERSONAL\Im醙enes\Fotos productos\Atlanctic Pet\Gatos\PREMIUN RECETA GATOS\atpimagen7-600x600.png gato.webp;;;
2693037b-5601-459b-b2cb-cf3b164352c1;ATP-047;ATLANTICPET ULTRA PREMIUM GRAIN FREE CAT CHICKEN ADULT 1.5KG;ULTRA PREMIUN RECETA GRAIN FREE;Alimentaci贸n seca;1.5KG;12.99;7.79;C:\Users\truji\OneDrive\PERSONAL\Im醙enes\Fotos productos\Atlanctic Pet\Gatos\ULTRA PREMIUN RECETA GRAIN FREE\Captura-de-pantalla-2025-03-20-092103-400x400.png gato.webp;;;
7b89ee3b-8407-4f45-9125-ac81eca303e8;ATP-048;ATLANTICPET ULTRA PREMIUM GRAIN FREE CAT CHICKEN ADULT 6KG;ULTRA PREMIUN RECETA GRAIN FREE;Alimentaci贸n seca;6KG;36.99;22.19;C:\Users\truji\OneDrive\PERSONAL\Im醙enes\Fotos productos\Atlanctic Pet\Gatos\ULTRA PREMIUN RECETA GRAIN FREE\Captura-de-pantalla-2025-03-20-092103-400x400.png gato.webp;;;
c42bcb70-28af-412f-89e1-36949d07ac97;ATP-049;ATLANTICPET ULTRA PREMIUM GRAIN FREE CAT CHICKEN KITTEN 1.5kG;ULTRA PREMIUN RECETA GRAIN FREE;Alimentaci贸n seca;1.5KG;13.99;8.39;public/images/productos/ATP-049.jpg;;;
380209cb-58e2-4767-909c-bd7ed14ed8fa;ATP-050;ATLANTICPET ULTRA PREMIUM GRAIN FREE CAT EXQUISITE 1.5KG;ULTRA PREMIUN RECETA GRAIN FREE;Alimentaci贸n seca;1.5KG;13.99;8.39;C:\Users\truji\OneDrive\PERSONAL\Im醙enes\Fotos productos\Atlanctic Pet\Gatos\ULTRA PREMIUN RECETA GRAIN FREE\WhatsApp-Image-2026-01-25-at-15.00.31-600x600 gato.webp;;;
75c03ad5-f879-4abd-9296-c9d1adc9e573;ATP-051;ATLANTICPET ULTRA PREMIUM GRAIN FREE CAT EXQUISITE 6KG;ULTRA PREMIUN RECETA GRAIN FREE;Alimentaci贸n seca;6KG;39.99;23.99;C:\Users\truji\OneDrive\PERSONAL\Im醙enes\Fotos productos\Atlanctic Pet\Gatos\ULTRA PREMIUN RECETA GRAIN FREE\WhatsApp-Image-2026-01-25-at-15.00.31-600x600 gato.webp;;;
de63cca4-abde-4449-8e79-8388caa70c8b;ATP-052;ATLANTICPET ULTRA PREMIUM GRAIN FREE CAT MONOPROTEICO SALM脫N STERILISED 1.5KG;ULTRA PREMIUN RECETA GRAIN FREE;Alimentaci贸n seca;1.5KG;13.99;8.39;C:\Users\truji\OneDrive\PERSONAL\Im醙enes\Fotos productos\Atlanctic Pet\Gatos\ULTRA PREMIUN RECETA GRAIN FREE\Captura-de-pantalla-2025-03-20-092003-400x400.png gato.webp;;;
9fe4f415-6f38-4793-9900-56ee8fbc40bf;ATP-053;ATLANTICPET ULTRA PREMIUM GRAIN FREE CAT MONOPROTEICO SALM脫N STERILISED 6KG;ULTRA PREMIUN RECETA GRAIN FREE;Alimentaci贸n seca;6KG;39.99;23.29;C:\Users\truji\OneDrive\PERSONAL\Im醙enes\Fotos productos\Atlanctic Pet\Gatos\ULTRA PREMIUN RECETA GRAIN FREE\Captura-de-pantalla-2025-03-20-092003-400x400.png gato.webp;;;
4f74bfa7-0cf6-4c79-97d3-4e6001d6765c;ATP-015;ATLANTICPET ULTRA PREMIUM GRAIN FREE CAT STERILISED RABBIT 1.5KG;ULTRA PREMIUN RECETA GRAIN FREE;Alimentaci贸n seca;1.5KG;14.99;8.99;C:\Users\truji\OneDrive\PERSONAL\Im醙enes\Fotos productos\Atlanctic Pet\Gatos\ULTRA PREMIUN RECETA GRAIN FREE\WhatsApp-Image-2026-01-25-at-15.00.19-400x400 gato.webp;;;
9c2e49a0-aa50-4710-b50c-e87af0cb980f;ATP-016;ATLANTICPET ULTRA PREMIUM GRAIN FREE CAT STERILISED RABBIT 6KG;ULTRA PREMIUN RECETA GRAIN FREE;Alimentaci贸n seca;6KG;44.99;26.99;C:\Users\truji\OneDrive\PERSONAL\Im醙enes\Fotos productos\Atlanctic Pet\Gatos\ULTRA PREMIUN RECETA GRAIN FREE\WhatsApp-Image-2026-01-25-at-15.00.19-400x400 gato.webp;;;
8b576051-9226-4c25-8c72-54ae49546a20;ATP-054;ATLANTICPET ULTRA PREMIUM GRAIN FREE CAT CHICKEN KITTEN 6KG;ULTRA PREMIUN GRAIN FREE;Alimentaci贸n seca;6KG;39.99;23.99;C:\Users\truji\OneDrive\PERSONAL\Im醙enes\Fotos productos\Atlanctic Pet\Gatos\ULTRA PREMIUN RECETA GRAIN FREE\AF_GATOS_6KG_2025_KITTEN_SIN_FONDO-400x400.png gato.webp;;;
